{"armature":[{"aabb":{"width":526.9999999999999,"y":267.7666666666666,"height":298.00000000000006,"x":-1184.7999999999997},"skin":[{"name":"","slot":[{"display":[{"slotPose":[0.9999999999999999,-1.5265566588595902e-15,1.5265566588595902e-15,0.9999999999999999,-915,429.99999999999994],"vertices":[-2.85,149,109.55,133.35,141.25,86.85,167.8,54.15,163.7,17.85,164.75,-29.65,241.9,-47.55,263.5,-67.45,263.5,-115.5,206.65,-124.7,127.95,-123.65,51.35,-116.5,30.9,-149,-53.4,-149,-120.85,-140,-181.15,-94,-225.6,-104.25,-252.65,-76.65,-263.5,-11.25,-263.5,63.35,-242.45,119,-211.3,135.9,-157.65,123.1,-109.1,149],"path":"Hand","edges":[0,1,1,2,2,3,3,4,4,5,5,6,6,7,7,8,8,9,9,10,10,11,11,12,12,13,13,14,14,15,15,16,16,17,17,18,18,19,19,20,20,21,21,22,22,23,23,0],"name":"Hand","uvs":[0.49459,1,0.70787,0.94748,0.76803,0.79144,0.81841,0.68171,0.81063,0.5599,0.81262,0.4005,0.95901,0.34044,1,0.27366,1,0.11242,0.89213,0.08154,0.74279,0.08507,0.59744,0.10906,0.55863,0,0.39867,0,0.27068,0.0302,0.15626,0.18456,0.07192,0.15017,0.02059,0.24279,0,0.46225,0,0.71258,0.03994,0.89933,0.09905,0.95604,0.20085,0.91309,0.29298,1],"type":"mesh","transform":{"skY":7.9426,"y":55.2882,"skX":7.9426,"x":-38.6606},"triangles":[9,6,7,9,7,8,9,5,6,10,5,9,10,11,5,4,2,3,11,4,5,11,2,4,0,1,2,11,0,2,14,15,13,22,23,13,15,22,13,13,23,0,12,13,11,13,0,11,15,18,22,18,19,22,17,18,15,20,21,22,19,20,22,16,17,15],"width":527,"bonePose":[1,0.9998572802273803,-0.01689435338525574,0.01689435338525574,0.9998572802273803,-1050.9,447.05,2,0.9904070834570126,-0.13818034968176235,0.13818034968176235,0.9904070834570126,-884.35,369.8999999999999],"height":298,"weights":[2,1,0.7135359609649802,2,0.28646403903501977,2,1,0.7386884060391538,2,0.26131159396084624,2,1,0.7943138372128671,2,0.20568616278713298,2,1,0.7601148552412327,2,0.2398851447587674,2,1,0.7319745891013741,2,0.26802541089862586,2,1,0.3106774866801568,2,0.6893225133198433,2,1,0.07264617340840956,2,0.9273538265915904,2,1,0.025130952531772673,2,0.9748690474682274,2,1,0.02193392099377442,2,0.9780660790062257,2,1,0.05133527047325839,2,0.9486647295267415,2,1,0.11346143130289467,2,0.8865385686971053,2,1,0.14182886838241918,2,0.8581711316175809,2,1,0.22529111841573418,2,0.7747088815842659,2,1,0.35576626090133023,2,0.6442337390986698,2,1,0.5441292830099256,2,0.4558707169900744,2,1,0.7618792207705115,2,0.2381207792294885,2,1,0.7481574847549992,2,0.2518425152450008,2,1,0.7823043557726513,2,0.21769564422734863,2,1,0.8388325778838919,2,0.16116742211610813,2,1,0.8466967704977744,2,0.15330322950222566,2,1,0.8306425363857342,2,0.16935746361426596,2,1,0.8303407314876893,2,0.16965926851231072,2,1,0.8548446877365458,2,0.14515531226345416,2,1,0.7830421098982594,2,0.21695789010174066],"userEdges":[]}],"name":"Hand"}]}],"type":"Armature","frameRate":24,"ik":[],"animation":[{"bone":[{"frame":[{"duration":20,"transform":{}}],"name":"root"},{"frame":[{"tweenEasing":0,"duration":6,"transform":{}},{"tweenEasing":0,"duration":4,"transform":{"skY":-4.0167,"skX":-4.0167,"x":72.0564}},{"tweenEasing":0,"duration":10,"transform":{"x":120.094}},{"duration":0,"transform":{}}],"name":"Hand"},{"frame":[{"tweenEasing":0,"duration":6,"transform":{}},{"tweenEasing":0,"duration":4,"transform":{"skY":-6.1249,"skX":-6.1249}},{"tweenEasing":0,"duration":10,"transform":{"skY":5.1173,"skX":5.1173}},{"duration":0,"transform":{}}],"name":"Hand1"}],"ffd":[],"duration":20,"ik":[],"playTimes":0,"frame":[],"slot":[],"name":"POINT"}],"bone":[{"name":"root","transform":{}},{"length":242,"transform":{"skY":-0.968,"y":447.05,"skX":-0.968,"x":-1050.9},"parent":"root","name":"Hand"},{"length":218,"transform":{"skY":-6.9745,"y":-74.3252,"skX":-6.9745,"x":167.8296},"parent":"Hand","name":"Hand1"}],"slot":[{"name":"Hand","parent":"Hand1","color":{}}],"defaultActions":[{"gotoAndPlay":"POINT"}],"name":"Armature"}],"frameRate":24,"name":"HAND","version":"5.0","isGlobal":0}